{
    "users": [
        {
            "id": 1,
            "email": "admin@upslogistics.com",
            "password": "$2y$10$92IXUNpkjO0rOQ5byMi.Ye4oKoEa3Ro9llC\/.og\/at2.uheWG\/igi",
            "full_name": "System Administrator",
            "phone": "+1234567890",
            "address": "",
            "city": "",
            "state": "",
            "zip_code": "",
            "country": "",
            "user_type": "admin",
            "status": "active",
            "created_at": "2026-01-28 03:40:41",
            "updated_at": "2026-01-28 03:40:41"
        },
        {
            "id": 2,
            "email": "agent@upslogistics.com",
            "password": "$2y$10$92IXUNpkjO0rOQ5byMi.Ye4oKoEa3Ro9llC\/.og\/at2.uheWG\/igi",
            "full_name": "John Agent",
            "phone": "+1234567891",
            "address": "123 Agent St",
            "city": "New York",
            "state": "NY",
            "zip_code": "10001",
            "country": "USA",
            "user_type": "agent",
            "status": "active",
            "created_at": "2026-01-28 03:40:41",
            "updated_at": "2026-01-28 03:40:41"
        },
        {
            "id": 3,
            "email": "customer@example.com",
            "password": "$2y$10$92IXUNpkjO0rOQ5byMi.Ye4oKoEa3Ro9llC\/.og\/at2.uheWG\/igi",
            "full_name": "Jane Customer",
            "phone": "+1234567892",
            "address": "456 Customer Ave",
            "city": "Los Angeles",
            "state": "CA",
            "zip_code": "90001",
            "country": "USA",
            "user_type": "customer",
            "status": "active",
            "created_at": "2026-01-28 03:40:41",
            "updated_at": "2026-01-28 03:40:41"
        }
    ],
    "shipments": [
        {
            "tracking_number": "1Z999AA10123456784",
            "customer_id": 3,
            "agent_id": 2,
            "sender_name": "Jane Customer",
            "sender_phone": "+1234567892",
            "sender_address": "456 Customer Ave",
            "sender_city": "Los Angeles",
            "sender_state": "CA",
            "sender_zip": "90001",
            "sender_country": "USA",
            "recipient_name": "Bob Wilson",
            "recipient_phone": "+1987654321",
            "recipient_address": "789 Delivery Street",
            "recipient_city": "New York",
            "recipient_state": "NY",
            "recipient_zip": "10001",
            "recipient_country": "USA",
            "package_weight": 5.5,
            "package_dimensions": "12 x 10 x 8",
            "package_description": "Electronics",
            "service_type": "UPS Ground",
            "shipping_cost": 19.99,
            "status": "in_transit",
            "current_location": "Chicago Distribution Center",
            "estimated_delivery": "2026-01-30",
            "created_at": "2026-01-25 03:40:41",
            "updated_at": "2026-01-28 03:40:41",
            "id": 1
        },
        {
            "tracking_number": "1Z999AA10123456785",
            "customer_id": 3,
            "agent_id": 2,
            "sender_name": "Jane Customer",
            "sender_phone": "+1234567892",
            "sender_address": "456 Customer Ave",
            "sender_city": "Los Angeles",
            "sender_state": "CA",
            "sender_zip": "90001",
            "sender_country": "USA",
            "recipient_name": "Alice Smith",
            "recipient_phone": "+1234567890",
            "recipient_address": "321 Main Street",
            "recipient_city": "Miami",
            "recipient_state": "FL",
            "recipient_zip": "33101",
            "recipient_country": "USA",
            "package_weight": 2.5,
            "package_dimensions": "10 x 8 x 6",
            "package_description": "Documents",
            "service_type": "UPS Next Day Air",
            "shipping_cost": 69.99,
            "status": "delivered",
            "current_location": "Miami",
            "estimated_delivery": "2026-01-27",
            "actual_delivery": "2026-01-27 03:40:41",
            "created_at": "2026-01-26 03:40:41",
            "updated_at": "2026-01-27 03:40:41",
            "id": 2
        }
    ],
    "tracking_history": [
        {
            "shipment_id": 1,
            "status": "Label Created",
            "location": "Los Angeles, CA",
            "description": "Shipping label has been created",
            "timestamp": "2026-01-25 03:40:41",
            "id": 1
        },
        {
            "shipment_id": 1,
            "status": "Picked Up",
            "location": "Los Angeles, CA",
            "description": "Package picked up by UPS driver",
            "timestamp": "2026-01-25 07:40:41",
            "id": 2
        },
        {
            "shipment_id": 1,
            "status": "In Transit",
            "location": "Phoenix Distribution Center",
            "description": "Package arrived at facility",
            "timestamp": "2026-01-26 03:40:41",
            "id": 3
        },
        {
            "shipment_id": 1,
            "status": "In Transit",
            "location": "Chicago Distribution Center",
            "description": "Package in transit",
            "timestamp": "2026-01-27 03:40:41",
            "id": 4
        },
        {
            "shipment_id": 2,
            "status": "Label Created",
            "location": "Los Angeles, CA",
            "description": "Shipping label created",
            "timestamp": "2026-01-26 03:40:41",
            "id": 5
        },
        {
            "shipment_id": 2,
            "status": "Picked Up",
            "location": "Los Angeles, CA",
            "description": "Package picked up",
            "timestamp": "2026-01-26 05:40:41",
            "id": 6
        },
        {
            "shipment_id": 2,
            "status": "Out for Delivery",
            "location": "Miami, FL",
            "description": "Out for delivery",
            "timestamp": "2026-01-27 11:40:41",
            "id": 7
        },
        {
            "shipment_id": 2,
            "status": "Delivered",
            "location": "Miami, FL",
            "description": "Package delivered successfully",
            "timestamp": "2026-01-27 03:40:41",
            "id": 8
        }
    ],
    "quotes": [],
    "support_tickets": [],
    "ticket_responses": []
}